QLD,NYSEARCA
TQQQ,NASDAQ
DDM,NYSEARCA
UDOW,NYSEARCA
SSO,NYSEARCA
UPRO,NYSEARCA
MVV,NYSEARCA
UMDD,NYSEARCA
SAA,NYSEARCA
UWM,NYSEARCA
URTY,NYSEARCA
UWC,NYSEARCA
BGU,NYSEARCA
MWJ,NYSEARCA
TNA,NYSEARCA
UVG,NYSEARCA
UKF,NYSEARCA
UVU,NYSEARCA
UKW,NYSEARCA
UVT,NYSEARCA
UKK,NYSEARCA
UYM,NYSEARCA
UGE,NYSEARCA
UCC,NYSEARCA
UYG,NYSEARCA
RXL,NYSEARCA
UXI,NYSEARCA
KRU,NYSEARCA
BIB,NYSEARCA
DIG,NYSEARCA
URE,NYSEARCA
USD,NYSEARCA
ROM,NYSEARCA
LTL,NYSEARCA
UPW,NYSEARCA
NUGT,NYSEARCA
GASL,NYSEARCA
RETL,NYSEARCA
COWL,NYSEARCA
MATL,NYSEARCA
ERX,NYSEARCA
FAS,NYSEARCA
CURE,NYSEARCA
DRN,NYSEARCA
SOXL,NYSEARCA
TYH,NYSEARCA
UCD,NYSEARCA
UCO,NYSEARCA
UGL,NYSEARCA
AGQ,NYSEARCA
UBT,NYSEARCA
UST,NYSEARCA
UJB,NYSEARCA
IGU,NYSEARCA
TYD,NYSEARCA
TMF,NYSEARCA
PSQ,NYSEARCA
DOG,NYSEARCA
SH,NYSEARCA
MYY,NYSEARCA
SBB,NYSEARCA
RWM,NYSEARCA
QID,NYSEARCA
DXD,NYSEARCA
SDS,NYSEARCA
MZZ,NYSEARCA
SDD,NYSEARCA
TWM,NYSEARCA
SQQQ,NYSEARCA
SDOW,NYSEARCA
SPXU,NYSEARCA
SMDD,NYSEARCA
SRTY,NYSEARCA
SJF,NYSEARCA
SFK,NYSEARCA
SJL,NYSEARCA
SDK,NYSEARCA
SJH,NYSEARCA
SKK,NYSEARCA
SMN,NYSEARCA
SZK,NYSEARCA
SCC,NYSEARCA
SKF,NYSEARCA
RXD,NYSEARCA
SIJ,NYSEARCA
SRS,NYSEARCA
SSG,NYSEARCA
DUG,NYSEARCA
REW,NYSEARCA
SDP,NYSEARCA
EUM,NYSEARCA
EFZ,NYSEARCA
EFU,NYSEARCA
EEV,NYSEARCA
EWV,NYSEARCA
FXP,NYSEARCA
AGQ,NYSEARCA
ZSL,NYSEARCA
UGL,NYSEARCA
GLL,NYSEARCA
DGZ,NYSEARCA
DZZ,NYSEARCA
SPXS,NYSEARCA
MIDZ,NYSEARCA
TZA,NYSEARCA
ERY,NYSEARCA
FAZ,NYSEARCA
DUST,NYSEARCA
JDST,NYSEARCA
GASX,NYSEARCA
DRV,NYSEARCA
SOXS,NYSEARCA
TECS,NYSEARCA
TYO,NYSEARCA
TMV,NYSEARCA
